<?xml version="1.0" encoding="UTF-8"?>
<catalog>
    <feature>
        <name>bootstrap-table</name>
        <contextItemName>[BBHOST]</contextItemName>
        <properties>
            <property name="title" label="Title" viewHint="admin,designModeOnly">
                <value type="string">Bootstrap-Table</value>
            </property>
            <property name="version" label="Version" readonly="true" viewHint="designModeOnly">
                <value type="string">v1.13.5</value>
            </property>
        </properties>
    </feature>
</catalog>