<catalog>
    <widget>
        <name>widget-hase-cos-application-list</name>
        <contextItemName>[BBHOST]</contextItemName>
        <properties>
            <property label="Title" name="title" viewHint="text-input,admin">
                <value type="string">widget-hase-cos-application-list</value>
            </property>
            <property label="Icon" name="icon" viewHint="text-input,admin,designModeOnly">
                <value type="string"></value>
            </property>
            <property name="src">
                <value type="string">$(itemRoot)/index.html</value>
            </property>
            <property name="thumbnailUrl">
                <value type="string">$(itemRoot)/icon.png</value>
            </property>
            <property name="Search_RSO">
                <value type="string">Business_Center,Status,Customer_Name,Application_Number,Customer_ID,BBO_Assigned</value>
            </property>
            <property name="Search_CCC_TH">
                <value type="string">Business_Center,Status,Customer_Name,Application_Number,Customer_ID,BBO_Assigned</value>
            </property>
            <property name="Search_CCC_Agent">
                <value type="string">Business_Center,Status,Customer_Name,Application_Number,Customer_ID,BBO_Assigned</value>
            </property>          
            <property name="Search_BBO">
                <value type="string">Business_Center,Status,Customer_Name,Application_Number,Customer_ID,BBO_Assigned</value>
            </property>
            <property name="Search_BBC_CM_TH">
                <value type="string">Business_Center,Status,Customer_Name,Application_Number,Customer_ID,BBO_Assigned</value>
            </property>
            <property name="Search_SD_Case_Assigner">
                <value type="string">Business_Center,Status,Customer_Name,Application_Number,Customer_ID,BBO_Assigned</value>
            </property>
            <property name="Search_SD_Maker">
                <value type="string">Business_Center,Status,Customer_Name,Application_Number,Customer_ID,BBO_Assigned</value>
            </property>
            <property name="Search_BA_Lead">
                <value type="string">Business_Center,Status,Customer_Name,Application_Number,Customer_ID,BBO_Assigned</value>
            </property>
            <property name="Search_BA">
                <value type="string">Business_Center,Status,Customer_Name,Application_Number,Customer_ID,BBO_Assigned</value>
            </property>
            <property name="Search_SD_Maintenance">
                <value type="string">Business_Center,Status,Customer_Name,Application_Number,Customer_ID,BBO_Assigned</value>
            </property>
            
            <!--RROS.Application_Level_Info-->
            <property name="RSO.Application_Level_Info.Application_ID" viewHint="text-input,admin">
                <value type="string">Pending_Customer_Submission,Pending_CCC_Allocation,Pending_for_Handling,Pending_RSO_Allocation,Pending_Client_Meeting,BBO_Processing,Under_Review_by_CM,Follow_up_by_BBO_Pre_submission,Preprocessing,Under_review_by_SD,KYC_Follow_up_by_BBO_SD,Follow_up_received_from_BBO_SD,Case_assign_by_BA,Under_review_by_BA,Case_returned_by_BA,BA_Follow_up_by_BBO_BA,BA_Follow_up_by_BBO_SD,Follow_up_returned_to_BA,Under_Lvl_Approval_by_BA_Lead,OBS_maintenance,Account_opened,Canceled,Rejected</value>
            </property>
            <property name="RSO.Application_Level_Info.Status" viewHint="text-input,admin">
                <value type="string">Pending_Customer_Submission,Pending_CCC_Allocation,Pending_for_Handling,Pending_RSO_Allocation,Pending_Client_Meeting,BBO_Processing,Under_Review_by_CM,Follow_up_by_BBO_Pre_submission,Preprocessing,Under_review_by_SD,KYC_Follow_up_by_BBO_SD,Follow_up_received_from_BBO_SD,Case_assign_by_BA,Under_review_by_BA,Case_returned_by_BA,BA_Follow_up_by_BBO_BA,BA_Follow_up_by_BBO_SD,Follow_up_returned_to_BA,Under_Lvl_Approval_by_BA_Lead,OBS_maintenance,Account_opened,Canceled,Rejected</value>
            </property>
            <property name="RSO.Application_Level_Info.Assigned_To">
                <value type="string">Pending_Customer_Submission,Pending_CCC_Allocation,Pending_for_Handling,Pending_RSO_Allocation,Pending_Client_Meeting,BBO_Processing,Under_Review_by_CM,Follow_up_by_BBO_Pre_submission,Preprocessing,Under_review_by_SD,KYC_Follow_up_by_BBO_SD,Follow_up_received_from_BBO_SD,Case_assign_by_BA,Under_review_by_BA,Case_returned_by_BA,BA_Follow_up_by_BBO_BA,BA_Follow_up_by_BBO_SD,Follow_up_returned_to_BA,Under_Lvl_Approval_by_BA_Lead,OBS_maintenance,Account_opened,Canceled,Rejected</value>
            </property>
            <property name="RSO.Application_Level_Info.Appointment">
                <value type="string">Pending_Customer_Submission,Pending_CCC_Allocation,Pending_for_Handling,Pending_RSO_Allocation,Pending_Client_Meeting,BBO_Processing,Under_Review_by_CM,Follow_up_by_BBO_Pre_submission,Preprocessing,Under_review_by_SD,KYC_Follow_up_by_BBO_SD,Follow_up_received_from_BBO_SD,Case_assign_by_BA,Under_review_by_BA,Case_returned_by_BA,BA_Follow_up_by_BBO_BA,BA_Follow_up_by_BBO_SD,Follow_up_returned_to_BA,Under_Lvl_Approval_by_BA_Lead,OBS_maintenance,Account_opened,Canceled,Rejected</value>
            </property>
             <!--CCC_TH.Application_Level_Info-->
            <property name="CCC_TH.Application_Level_Info.Application_ID">
                <value type="string">Pending_Customer_Submission,Pending_CCC_Allocation,Pending_for_Handling,Pending_RSO_Allocation,Pending_Client_Meeting,BBO_Processing,Under_Review_by_CM,Follow_up_by_BBO_Pre_submission,Preprocessing,Under_review_by_SD,KYC_Follow_up_by_BBO_SD,Follow_up_received_from_BBO_SD,Case_assign_by_BA,Under_review_by_BA,Case_returned_by_BA,BA_Follow_up_by_BBO_BA,BA_Follow_up_by_BBO_SD,Follow_up_returned_to_BA,Under_Lvl_Approval_by_BA_Lead,OBS_maintenance,Account_opened,Canceled,Rejected</value>
            </property>
            <property name="CCC_TH.Application_Level_Info.Status">
                <value type="string">Pending_Customer_Submission,Pending_CCC_Allocation,Pending_for_Handling,Pending_RSO_Allocation,Pending_Client_Meeting,BBO_Processing,Under_Review_by_CM,Follow_up_by_BBO_Pre_submission,Preprocessing,Under_review_by_SD,KYC_Follow_up_by_BBO_SD,Follow_up_received_from_BBO_SD,Case_assign_by_BA,Under_review_by_BA,Case_returned_by_BA,BA_Follow_up_by_BBO_BA,BA_Follow_up_by_BBO_SD,Follow_up_returned_to_BA,Under_Lvl_Approval_by_BA_Lead,OBS_maintenance,Account_opened,Canceled,Rejected</value>
            </property>
            <property name="CCC_TH.Application_Level_Info.Assigned_To">
                <value type="string">Pending_Customer_Submission,Pending_CCC_Allocation,Pending_for_Handling,Pending_RSO_Allocation,Pending_Client_Meeting,BBO_Processing,Under_Review_by_CM,Follow_up_by_BBO_Pre_submission,Preprocessing,Under_review_by_SD,KYC_Follow_up_by_BBO_SD,Follow_up_received_from_BBO_SD,Case_assign_by_BA,Under_review_by_BA,Case_returned_by_BA,BA_Follow_up_by_BBO_BA,BA_Follow_up_by_BBO_SD,Follow_up_returned_to_BA,Under_Lvl_Approval_by_BA_Lead,OBS_maintenance,Account_opened,Canceled,Rejected</value>
            </property>
            <property name="CCC_TH.Application_Level_Info.Appointment">
                <value type="string">Pending_Customer_Submission,Pending_CCC_Allocation,Pending_for_Handling</value>
            </property>
             <!--CCC_Agent.Application_Level_Info-->
            <property name="CCC_Agent.Application_Level_Info.Application_ID">
                <value type="string">Pending_Customer_Submission,Pending_CCC_Allocation,Pending_for_Handling,Pending_RSO_Allocation,Pending_Client_Meeting,BBO_Processing,Under_Review_by_CM,Follow_up_by_BBO_Pre_submission,Preprocessing,Under_review_by_SD,KYC_Follow_up_by_BBO_SD,Follow_up_received_from_BBO_SD,Case_assign_by_BA,Under_review_by_BA,Case_returned_by_BA,BA_Follow_up_by_BBO_BA,BA_Follow_up_by_BBO_SD,Follow_up_returned_to_BA,Under_Lvl_Approval_by_BA_Lead,OBS_maintenance,Account_opened,Canceled,Rejected</value>
            </property>
            <property name="CCC_Agent.Application_Level_Info.Status">
                <value type="string">Pending_Customer_Submission,Pending_CCC_Allocation,Pending_for_Handling,Pending_RSO_Allocation,Pending_Client_Meeting,BBO_Processing,Under_Review_by_CM,Follow_up_by_BBO_Pre_submission,Preprocessing,Under_review_by_SD,KYC_Follow_up_by_BBO_SD,Follow_up_received_from_BBO_SD,Case_assign_by_BA,Under_review_by_BA,Case_returned_by_BA,BA_Follow_up_by_BBO_BA,BA_Follow_up_by_BBO_SD,Follow_up_returned_to_BA,Under_Lvl_Approval_by_BA_Lead,OBS_maintenance,Account_opened,Canceled,Rejected</value>
            </property>
            <property name="CCC_Agent.Application_Level_Info.Assigned_To">
                <value type="string">Pending_Customer_Submission,Pending_CCC_Allocation,Pending_for_Handling,Pending_RSO_Allocation,Pending_Client_Meeting,BBO_Processing,Under_Review_by_CM,Follow_up_by_BBO_Pre_submission,Preprocessing,Under_review_by_SD,KYC_Follow_up_by_BBO_SD,Follow_up_received_from_BBO_SD,Case_assign_by_BA,Under_review_by_BA,Case_returned_by_BA,BA_Follow_up_by_BBO_BA,BA_Follow_up_by_BBO_SD,Follow_up_returned_to_BA,Under_Lvl_Approval_by_BA_Lead,OBS_maintenance,Account_opened,Canceled,Rejected</value>
            </property>
            <property name="CCC_Agent.Application_Level_Info.Appointment">
                <value type="string">Pending_Customer_Submission,Pending_CCC_Allocation,Pending_for_Handling,Pending_RSO_Allocation,Pending_Client_Meeting,BBO_Processing,Under_Review_by_CM,Follow_up_by_BBO_Pre_submission,Preprocessing,Under_review_by_SD,KYC_Follow_up_by_BBO_SD,Follow_up_received_from_BBO_SD,Case_assign_by_BA,Under_review_by_BA,Case_returned_by_BA,BA_Follow_up_by_BBO_BA,BA_Follow_up_by_BBO_SD,Follow_up_returned_to_BA,Under_Lvl_Approval_by_BA_Lead,OBS_maintenance,Account_opened,Canceled,Rejected</value>
            </property>
             <!--BBO.Application_Level_Info-->
            <property name="BBO.Application_Level_Info.Application_ID">
                <value type="string">Pending_Client_Meeting,BBO_Processing,Under_Review_by_CM,Follow_up_by_BBO_Pre_submission,Preprocessing,Under_review_by_SD,KYC_Follow_up_by_BBO_SD,Follow_up_received_from_BBO_SD,Case_assign_by_BA,Under_review_by_BA,Case_returned_by_BA,BA_Follow_up_by_BBO_BA,BA_Follow_up_by_BBO_SD,Follow_up_returned_to_BA,Under_Lvl_Approval_by_BA_Lead,OBS_maintenance,Account_opened,Canceled,Rejected</value>
            </property>
            <property name="BBO.Application_Level_Info.Status">
                <value type="string">Pending_Client_Meeting,BBO_Processing,Under_Review_by_CM,Follow_up_by_BBO_Pre_submission,Preprocessing,Under_review_by_SD,KYC_Follow_up_by_BBO_SD,Follow_up_received_from_BBO_SD,Case_assign_by_BA,Under_review_by_BA,Case_returned_by_BA,BA_Follow_up_by_BBO_BA,BA_Follow_up_by_BBO_SD,Follow_up_returned_to_BA,Under_Lvl_Approval_by_BA_Lead,OBS_maintenance,Account_opened,Canceled,Rejected</value>
            </property>
            <property name="BBO.Application_Level_Info.Assigned_To">
                <value type="string">Pending_Client_Meeting,BBO_Processing,Under_Review_by_CM,Follow_up_by_BBO_Pre_submission,Preprocessing,Under_review_by_SD,KYC_Follow_up_by_BBO_SD,Follow_up_received_from_BBO_SD,Case_assign_by_BA,Under_review_by_BA,Case_returned_by_BA,BA_Follow_up_by_BBO_BA,BA_Follow_up_by_BBO_SD,Follow_up_returned_to_BA,Under_Lvl_Approval_by_BA_Lead,OBS_maintenance,Account_opened,Canceled,Rejected</value>
            </property>
            <property name="BBO.Application_Level_Info.Appointment">
                <value type="string">Pending_Client_Meeting,BBO_Processing,Under_Review_by_CM,Follow_up_by_BBO_Pre_submission,Preprocessing,Under_review_by_SD,KYC_Follow_up_by_BBO_SD,Follow_up_received_from_BBO_SD,Case_assign_by_BA,Under_review_by_BA,Case_returned_by_BA,BA_Follow_up_by_BBO_BA,BA_Follow_up_by_BBO_SD,Follow_up_returned_to_BA,Under_Lvl_Approval_by_BA_Lead,OBS_maintenance,Account_opened,Canceled,Rejected</value>
            </property>
             <!--BBC_CM_TH.Application_Level_Info-->
            <property name="BBC_CM_TH.Application_Level_Info.Application_ID">
                <value type="string">Pending_RSO_Allocation,Pending_Client_Meeting,BBO_Processing,Under_Review_by_CM,Follow_up_by_BBO_Pre_submission,Preprocessing,Under_review_by_SD,KYC_Follow_up_by_BBO_SD,Follow_up_received_from_BBO_SD,Case_assign_by_BA,Under_review_by_BA,Case_returned_by_BA,BA_Follow_up_by_BBO_BA,BA_Follow_up_by_BBO_SD,Follow_up_returned_to_BA,Under_Lvl_Approval_by_BA_Lead,OBS_maintenance,Account_opened,Canceled,Rejected</value>
            </property>
            <property name="BBC_CM_TH.Application_Level_Info.Status">
                <value type="string">Pending_RSO_Allocation,Pending_Client_Meeting,BBO_Processing,Under_Review_by_CM,Follow_up_by_BBO_Pre_submission,Preprocessing,Under_review_by_SD,KYC_Follow_up_by_BBO_SD,Follow_up_received_from_BBO_SD,Case_assign_by_BA,Under_review_by_BA,Case_returned_by_BA,BA_Follow_up_by_BBO_BA,BA_Follow_up_by_BBO_SD,Follow_up_returned_to_BA,Under_Lvl_Approval_by_BA_Lead,OBS_maintenance,Account_opened,Canceled,Rejected</value>
            </property>
            <property name="BBC_CM_TH.Application_Level_Info.Assigned_To">
                <value type="string">Pending_RSO_Allocation,Pending_Client_Meeting,BBO_Processing,Under_Review_by_CM,Follow_up_by_BBO_Pre_submission,Preprocessing,Under_review_by_SD,KYC_Follow_up_by_BBO_SD,Follow_up_received_from_BBO_SD,Case_assign_by_BA,Under_review_by_BA,Case_returned_by_BA,BA_Follow_up_by_BBO_BA,BA_Follow_up_by_BBO_SD,Follow_up_returned_to_BA,Under_Lvl_Approval_by_BA_Lead,OBS_maintenance,Account_opened,Canceled,Rejected</value>
            </property>
            <property name="BBC_CM_TH.Application_Level_Info.Appointment">
                <value type="string">Pending_RSO_Allocation,Pending_Client_Meeting,BBO_Processing,Under_Review_by_CM,Follow_up_by_BBO_Pre_submission,Preprocessing,Under_review_by_SD,KYC_Follow_up_by_BBO_SD,Follow_up_received_from_BBO_SD,Case_assign_by_BA,Under_review_by_BA,Case_returned_by_BA,BA_Follow_up_by_BBO_BA,BA_Follow_up_by_BBO_SD,Follow_up_returned_to_BA,Under_Lvl_Approval_by_BA_Lead,OBS_maintenance,Account_opened,Canceled,Rejected</value>
            </property>
            <!-- custom properties -->
            <property name="Application_List.CCC_Agent">
                <value type="string">CCC_Agent,Contact Person,Contact Number,Company Name</value>
            </property>
            <property name="Application_List.RSO">
                <value type="string">RSO,Referral Source,Contact Person,Contact Number,Company Name</value>
            </property>
            <property name="Application_List.BBO">
                <value type="string">BBO,Referral Source,Contact Person,Contact Number,Company Name</value>
            </property>
            <property name="Application_List.BBC_CM_TH">
                <value type="string">BBC_CM_TH,Referral Source,Contact Person,Contact Number,Company Name</value>
            </property>
        </properties>
        <tags>
        </tags>
    </widget>
</catalog>
