<?xml version="1.0" encoding="UTF-8"?>
<catalog>
    <feature>
        <name>angular-ui-router</name>
        <contextItemName>[BBHOST]</contextItemName>
        <properties>
            <property name="title" label="Title" viewHint="admin,designModeOnly">
                <value type="string">Angular-UI-ROUTER</value>
            </property>
            <property name="version" label="Version" readonly="true" viewHint="designModeOnly">
                <value type="string">v1.0.22</value>
            </property>
        </properties>
    </feature>
</catalog>