[
  {"id":"28882880","type":"NTB","entityType":"Corporate","companyName":"Happy House Ltd.","customerId":"3777388225",
    "category":"Pending - CCC","status":"Pending CCC allocation","remark":"", "appointmentDate":"30 Dec 2020 11:30",
    "confirmedVenue":"Sheung Wan","handlingCallAgent":"Aaron Cheung", "taskDueDate":"12 Dec 2020",
    "documentLastUploadDate":"12 Dec 2020","lastModifiedDate":"12 Dec 2020"
  },
  {"id":"28882881","type":"ETB","entityType":"Partnership","companyName":"HABC Limited","customerId":"3777388220",
    "category":"Pending - CCC","status":"Pending CCC allocation","remark":"", "appointmentDate":"29 Dec 2020 11:30",
    "confirmedVenue":"Sheung Wan","handlingCallAgent":"Aaron Cheung", "taskDueDate":"12 Dec 2020",
    "documentLastUploadDate":"12 Dec 2020","lastModifiedDate":"12 Dec 2020"
  },
  {"id":"28882882","type":"ETB","entityType":"NPO","companyName":"Pacific Coffee Ltd.","customerId":"3777388221",
    "category":"Pending - CCC","status":"Pending CCC allocation","remark":"", "appointmentDate":"26 Dec 2020 11:30",
    "confirmedVenue":"Sheung Wan","handlingCallAgent":"Aaron Cheung", "taskDueDate":"12 Dec 2020",
    "documentLastUploadDate":"12 Dec 2020","lastModifiedDate":"12 Dec 2020"
  },
  {"id":"28882882","type":"ETB","entityType":"NPO","companyName":"Pacific Coffee Ltd.","customerId":"3777388221",
    "category":"Pending - CCC","status":"Pending RSO Allocation","remark":"", "appointmentDate":"26 Dec 2020 11:30",
    "confirmedVenue":"Sheung Wan","handlingCallAgent":"Aaron Cheung", "taskDueDate":"12 Dec 2020",
    "documentLastUploadDate":"12 Dec 2020","lastModifiedDate":"12 Dec 2020"
  },
  {"id":"28882883","type":"NTB","entityType":"Corporate","companyName":"Happy House Ltd.","customerId":"3777388222",
    "category":"Pending - CCC","status":"Pending CCC allocation","remark":"", "appointmentDate":"05 Dec 2002 11:30",
    "confirmedVenue":"Sheung Wan","handlingCallAgent":"Aaron Cheung", "taskDueDate":"30 Dec 2020",
    "documentLastUploadDate":"30 Dec 2020","lastModifiedDate":"30 Dec 2020"},
  {"id":"28882884","type":"NTB","entityType":"Corporate","companyName":"Happy House Ltd.","customerId":"3777388225",
    "category":"Pending - CCC","status":"Pending CCC allocation","remark":"", "appointmentDate":"30 Dec 2020 11:30",
    "confirmedVenue":"Sheung Wan","handlingCallAgent":"Aaron Cheung", "taskDueDate":"12 Dec 2020",
    "documentLastUploadDate":"12 Dec 2020","lastModifiedDate":"12 Dec 2020"
  },
  {"id":"28882885","type":"ETB","entityType":"Partnership","companyName":"HABC Limited","customerId":"3777388220",
    "category":"Pending - CCC","status":"Pending CCC allocation","remark":"", "appointmentDate":"29 Dec 2020 11:30",
    "confirmedVenue":"Sheung Wan","handlingCallAgent":"Aaron Cheung", "taskDueDate":"12 Dec 2020",
    "documentLastUploadDate":"12 Dec 2020","lastModifiedDate":"12 Dec 2020"
  },
  {"id":"28882886","type":"ETB","entityType":"NPO","companyName":"Pacific Coffee Ltd.","customerId":"3777388221",
    "category":"Pending - CCC","status":"Pending CCC allocation","remark":"", "appointmentDate":"26 Dec 2020 11:30",
    "confirmedVenue":"Sheung Wan","handlingCallAgent":"Aaron Cheung", "taskDueDate":"12 Dec 2020",
    "documentLastUploadDate":"12 Dec 2020","lastModifiedDate":"12 Dec 2020"
  },
  {"id":"28882887","type":"NTB","entityType":"Corporate","companyName":"Happy House Ltd.","customerId":"3777388222",
    "category":"Pending - CCC","status":"Pending CCC allocation","remark":"", "appointmentDate":"05 Dec 2002 11:30",
    "confirmedVenue":"Sheung Wan","handlingCallAgent":"Aaron Cheung", "taskDueDate":"30 Dec 2020",
    "documentLastUploadDate":"30 Dec 2020","lastModifiedDate":"30 Dec 2020"
  }
]