<?xml version="1.0" encoding="UTF-8"?>
<catalog>
    <feature>
        <name>angular-moment-picker</name>
        <contextItemName>[BBHOST]</contextItemName>
        <properties>
            <property name="title" label="Title" viewHint="admin,designModeOnly">
                <value type="string">Angular-Moment-Picker</value>
            </property>
            <property name="version" label="Version" readonly="true" viewHint="designModeOnly">
                <value type="string">v0.10.2</value>
            </property>
        </properties>
    </feature>
</catalog>