<?xml version="1.0" encoding="UTF-8" standalone="yes"?>
<catalog>
  <feature>
    <name>theme-hase-cos</name>
    <contextItemName>[BBHOST]</contextItemName>
    <properties>
      <property name="title" label="Title" viewHint="admin,designModeOnly">
        <value type="string">Hase Cos Theme</value>
      </property>
      <property label="Version" name="version" viewHint="text-input,admin,designModeOnly">
        <value type="string">1.1.1</value>
      </property>
    </properties>
  </feature>
</catalog>